0	seg_141	chr13,chr18,chr21	18890884,14628467,13529747	GCAGACAGTCACAGGGAAGT	TGTTTTTGGCACCCCATTGC				
1	seg_57	chr13,chr18,chr21	18891869,14629451,13528743	GGGTATGTGTCCCAGTTGCA	GAGCTTGTGTGCTGGTGGAT				
2	seg_206	chr13,chr18,chr21	18892178,14629758,13528500	GGCTTCCTCACTGGTCTCTG	CTCTGTTGAGGAGTCCGCTG				
3	seg_140	chr13,chr18,chr21	18892310,14629890,13528274	CAGCGGACTCCTCAACAGAG	CCTAAGTTTCCACGGCCTGT				
4	seg_58	chr13,chr18,chr21	18893644,14631223,13527019	AAAAGACCTGCTCCTCACGG	GGGCCATCTGGACTGCTTAG				
5	seg_204	chr13,chr18,chr21	18893792,14631371,13526879	AGGAGCAGGTCTTTTCCAGC	GGGTCCAGGGACAGAAACAG				
6	seg_142	chr13,chr18,chr21	18894101,14631679,13526507	TCCAGCTCTGAGTCTCCACA	GGAGGGCTCCTTCTCCAGTA				
7	seg_205	chr13,chr18,chr21	18894815,14632393,13525839	CTTCATCCCATTGGCCACCT	ACTCTTTCATGGCTGCCTCC				
8	seg_140	chr13,chr18,chr21	18895250,14632828,13525337	CCCCAGATGACAGCCTCAAG	AGGCTGCAGAGTTTTCCTCC				
9	seg_204	chr13,chr18,chr21	18895321,14632899,13525337	GGTGATCTGGGTGCTGTTCA	AGGCTGCAGAGTTTTCCTCC				
10	seg_60	chr13,chr18,chr21	18897341,14634910,13523248	TACACAGAGCATACATACAAAGCC	TGGTCTTGCCTTGCTTGGAG				
11	seg_62	chr13,chr18,chr21	18906009,14643264,13515117	GTTTCTGATGCCTCCACCCA	CGTCCTCCTCTTCCCAGACT				
12	seg_199	chr13,chr18,chr21	18906070,14643325,13515053	TTGGTGAGCAGGAGAAGCAG	GTGGCAGGTGCACAATGTTT				
13	seg_197	chr13,chr18,chr21	18906773,14644022,13514372	ATGTTGCCACTCACACCTGG	CAGCAGCAAGTCTGGGATCC				
14	seg_63	chr13,chr18,chr21	18906792,14644041,13514372	CGAGAAGTGGGAGTGGGAAT	ATGTTGCCACTCACACCTGG				
15	seg_145	chr13,chr18,chr21	18907537,14644790,13513661	ACACATGATCCTCCCTTCCTT	GAGCTATGCAAGAGTCAGGGG				
16	seg_146	chr13,chr18,chr21	18908290,14645547,13512906	AACTGAGGCACCATGCAGTTT	GAGCAGGAAATGAAACCCAGG				
17	seg_195	chr13,chr18,chr21	18908308,14645565,13512901	AGGTTCCAAGCTCTAAGGGG	AGATAAACTGAGGCACCATGC				
18	seg_193	chr13,chr18,chr21	18918550,14655671,13501874	GACTAGATGGGTGGAAGTGGG	TCCATCATTATTGTCTGGTTTGAAT				
19	seg_150	chr13,chr18,chr21	18920670,14657801,13499651	TCCCTGCTGAGTCATTTGGC	GCATGCCGTGGTCATATCCA				
20	seg_70	chr13,chr18,chr21	18923367,14660491,13496968	GATGCCTCCATAGAACCCCG	GTCAGCCACTGCCTGAATTC				
21	seg_71	chr13,chr18,chr21	18925132,14662272,13495275	GACTTCTCCATTTGGCGAGC	ACCTGGGGACTTTGCATTCT				
22	seg_185	chr13,chr18,chr21	18925798,14662939,13494332	AGGGAACTTCAGCCTGTTGT	GCCCCGAAGAGGAAAACTGA				
23	seg_157	chr13,chr18,chr21	18926521,14663887,13493578	AAAAACCCTCAAAGTTGCCTTGT	GGGACAACAATGTGATTTGTTTCA				
24	seg_159	chr13,chr18,chr21	18927665,14665029,13492510	TTCTGGCTTAGCACATTTACTCTA	ACTCTACTGCTTGGTATCCCA				
25	seg_171	chr13,chr18,chr21	19025541,14706895,13450896	CGCAGCACTTTCTCTGAACC	GGCATTTTTGGGCACAGCTT				
26	seg_171	chr13,chr18,chr21	19025961,14706398,13451315	AGGTGAGGTGCTTTCTCCCT	GGAAGCCAGCCAGCTATCAA				
27	seg_168	chr13,chr18,chr21	19032525,14699967,13457832	AAAATTGTGTCCTCTGTCCTTCA	TGGTGCTTTTAAATGTCTGCCT				
28	seg_176	chr13,chr18,chr21	19033252,14699237,13458561	GCTGAACAGGCAAAGTGCTG	GTGTGGGTTTCAGTCCCTTC				
29	seg_165	chr13,chr18,chr21	19034321,14698173,13459621	AGCCACAGCACATGTCATGT	AGCAGCTAGTGAGGTGATCAG				
