0	seg_141	chr13,chr18,chr21	18890884,14628467,13529747	GCAGACAGTCACAGGGAAGT	TGTTTTTGGCACCCCATTGC	https://genome.ucsc.edu/cgi-bin/hgPcr?hgsid=2900325362_8e48BzUFKDYcxxsPnAlLNmzHKyGA&org=Human&db=hg38&wp_target=genome&wp_f=GCAGACAGTCACAGGGAAGT&wp_r=TGTTTTTGGCACCCCATTGC&Submit=Submit&wp_size=300&wp_perfect=15&wp_good=15&boolshad.wp_flipReverse=0&wp_append=on&boolshad.wp_append=0	deneme
1	seg_57	chr13,chr18,chr21	18891869,14629451,13528743	GGGTATGTGTCCCAGTTGCA	GAGCTTGTGTGCTGGTGGAT	https://genome.ucsc.edu/cgi-bin/hgPcr?hgsid=2900325362_8e48BzUFKDYcxxsPnAlLNmzHKyGA&org=Human&db=hg38&wp_target=genome&wp_f=GGGTATGTGTCCCAGTTGCA&wp_r=GAGCTTGTGTGCTGGTGGAT&Submit=Submit&wp_size=300&wp_perfect=15&wp_good=15&boolshad.wp_flipReverse=0&wp_append=on&boolshad.wp_append=0	deneme
2	seg_206	chr13,chr18,chr21	18892178,14629758,13528500	GGCTTCCTCACTGGTCTCTG	CTCTGTTGAGGAGTCCGCTG	https://genome.ucsc.edu/cgi-bin/hgPcr?hgsid=2900325362_8e48BzUFKDYcxxsPnAlLNmzHKyGA&org=Human&db=hg38&wp_target=genome&wp_f=GGCTTCCTCACTGGTCTCTG&wp_r=CTCTGTTGAGGAGTCCGCTG&Submit=Submit&wp_size=300&wp_perfect=15&wp_good=15&boolshad.wp_flipReverse=0&wp_append=on&boolshad.wp_append=0	deneme
3	seg_140	chr13,chr18,chr21	18892310,14629890,13528274	CAGCGGACTCCTCAACAGAG	CCTAAGTTTCCACGGCCTGT	https://genome.ucsc.edu/cgi-bin/hgPcr?hgsid=2900325362_8e48BzUFKDYcxxsPnAlLNmzHKyGA&org=Human&db=hg38&wp_target=genome&wp_f=CAGCGGACTCCTCAACAGAG&wp_r=CCTAAGTTTCCACGGCCTGT&Submit=Submit&wp_size=300&wp_perfect=15&wp_good=15&boolshad.wp_flipReverse=0&wp_append=on&boolshad.wp_append=0	deneme
4	seg_58	chr13,chr18,chr21	18893644,14631223,13527019	AAAAGACCTGCTCCTCACGG	GGGCCATCTGGACTGCTTAG	https://genome.ucsc.edu/cgi-bin/hgPcr?hgsid=2900325362_8e48BzUFKDYcxxsPnAlLNmzHKyGA&org=Human&db=hg38&wp_target=genome&wp_f=AAAAGACCTGCTCCTCACGG&wp_r=GGGCCATCTGGACTGCTTAG&Submit=Submit&wp_size=300&wp_perfect=15&wp_good=15&boolshad.wp_flipReverse=0&wp_append=on&boolshad.wp_append=0	deneme
5	seg_204	chr13,chr18,chr21	18893792,14631371,13526879	AGGAGCAGGTCTTTTCCAGC	GGGTCCAGGGACAGAAACAG	https://genome.ucsc.edu/cgi-bin/hgPcr?hgsid=2900325362_8e48BzUFKDYcxxsPnAlLNmzHKyGA&org=Human&db=hg38&wp_target=genome&wp_f=AGGAGCAGGTCTTTTCCAGC&wp_r=GGGTCCAGGGACAGAAACAG&Submit=Submit&wp_size=300&wp_perfect=15&wp_good=15&boolshad.wp_flipReverse=0&wp_append=on&boolshad.wp_append=0	deneme
6	seg_142	chr13,chr18,chr21	18894101,14631679,13526507	TCCAGCTCTGAGTCTCCACA	GGAGGGCTCCTTCTCCAGTA	https://genome.ucsc.edu/cgi-bin/hgPcr?hgsid=2900325362_8e48BzUFKDYcxxsPnAlLNmzHKyGA&org=Human&db=hg38&wp_target=genome&wp_f=TCCAGCTCTGAGTCTCCACA&wp_r=GGAGGGCTCCTTCTCCAGTA&Submit=Submit&wp_size=300&wp_perfect=15&wp_good=15&boolshad.wp_flipReverse=0&wp_append=on&boolshad.wp_append=0	deneme
7	seg_205	chr13,chr18,chr21	18894815,14632393,13525839	CTTCATCCCATTGGCCACCT	ACTCTTTCATGGCTGCCTCC	https://genome.ucsc.edu/cgi-bin/hgPcr?hgsid=2900325362_8e48BzUFKDYcxxsPnAlLNmzHKyGA&org=Human&db=hg38&wp_target=genome&wp_f=CTTCATCCCATTGGCCACCT&wp_r=ACTCTTTCATGGCTGCCTCC&Submit=Submit&wp_size=300&wp_perfect=15&wp_good=15&boolshad.wp_flipReverse=0&wp_append=on&boolshad.wp_append=0	deneme
8	seg_140	chr13,chr18,chr21	18895250,14632828,13525337	CCCCAGATGACAGCCTCAAG	AGGCTGCAGAGTTTTCCTCC	https://genome.ucsc.edu/cgi-bin/hgPcr?hgsid=2900325362_8e48BzUFKDYcxxsPnAlLNmzHKyGA&org=Human&db=hg38&wp_target=genome&wp_f=CCCCAGATGACAGCCTCAAG&wp_r=AGGCTGCAGAGTTTTCCTCC&Submit=Submit&wp_size=300&wp_perfect=15&wp_good=15&boolshad.wp_flipReverse=0&wp_append=on&boolshad.wp_append=0	deneme
9	seg_204	chr13,chr18,chr21	18895321,14632899,13525337	GGTGATCTGGGTGCTGTTCA	AGGCTGCAGAGTTTTCCTCC	https://genome.ucsc.edu/cgi-bin/hgPcr?hgsid=2900325362_8e48BzUFKDYcxxsPnAlLNmzHKyGA&org=Human&db=hg38&wp_target=genome&wp_f=GGTGATCTGGGTGCTGTTCA&wp_r=AGGCTGCAGAGTTTTCCTCC&Submit=Submit&wp_size=300&wp_perfect=15&wp_good=15&boolshad.wp_flipReverse=0&wp_append=on&boolshad.wp_append=0	deneme
10	seg_60	chr13,chr18,chr21	18897341,14634910,13523248	TACACAGAGCATACATACAAAGCC	TGGTCTTGCCTTGCTTGGAG	https://genome.ucsc.edu/cgi-bin/hgPcr?hgsid=2900325362_8e48BzUFKDYcxxsPnAlLNmzHKyGA&org=Human&db=hg38&wp_target=genome&wp_f=TACACAGAGCATACATACAAAGCC&wp_r=TGGTCTTGCCTTGCTTGGAG&Submit=Submit&wp_size=300&wp_perfect=15&wp_good=15&boolshad.wp_flipReverse=0&wp_append=on&boolshad.wp_append=0	deneme
11	seg_62	chr13,chr18,chr21	18906009,14643264,13515117	GTTTCTGATGCCTCCACCCA	CGTCCTCCTCTTCCCAGACT	https://genome.ucsc.edu/cgi-bin/hgPcr?hgsid=2900325362_8e48BzUFKDYcxxsPnAlLNmzHKyGA&org=Human&db=hg38&wp_target=genome&wp_f=GTTTCTGATGCCTCCACCCA&wp_r=CGTCCTCCTCTTCCCAGACT&Submit=Submit&wp_size=300&wp_perfect=15&wp_good=15&boolshad.wp_flipReverse=0&wp_append=on&boolshad.wp_append=0	deneme
12	seg_199	chr13,chr18,chr21	18906070,14643325,13515053	TTGGTGAGCAGGAGAAGCAG	GTGGCAGGTGCACAATGTTT	https://genome.ucsc.edu/cgi-bin/hgPcr?hgsid=2900325362_8e48BzUFKDYcxxsPnAlLNmzHKyGA&org=Human&db=hg38&wp_target=genome&wp_f=TTGGTGAGCAGGAGAAGCAG&wp_r=GTGGCAGGTGCACAATGTTT&Submit=Submit&wp_size=300&wp_perfect=15&wp_good=15&boolshad.wp_flipReverse=0&wp_append=on&boolshad.wp_append=0	deneme
13	seg_197	chr13,chr18,chr21	18906773,14644022,13514372	ATGTTGCCACTCACACCTGG	CAGCAGCAAGTCTGGGATCC	https://genome.ucsc.edu/cgi-bin/hgPcr?hgsid=2900325362_8e48BzUFKDYcxxsPnAlLNmzHKyGA&org=Human&db=hg38&wp_target=genome&wp_f=ATGTTGCCACTCACACCTGG&wp_r=CAGCAGCAAGTCTGGGATCC&Submit=Submit&wp_size=300&wp_perfect=15&wp_good=15&boolshad.wp_flipReverse=0&wp_append=on&boolshad.wp_append=0	deneme
14	seg_63	chr13,chr18,chr21	18906792,14644041,13514372	CGAGAAGTGGGAGTGGGAAT	ATGTTGCCACTCACACCTGG	https://genome.ucsc.edu/cgi-bin/hgPcr?hgsid=2900325362_8e48BzUFKDYcxxsPnAlLNmzHKyGA&org=Human&db=hg38&wp_target=genome&wp_f=CGAGAAGTGGGAGTGGGAAT&wp_r=ATGTTGCCACTCACACCTGG&Submit=Submit&wp_size=300&wp_perfect=15&wp_good=15&boolshad.wp_flipReverse=0&wp_append=on&boolshad.wp_append=0	deneme
15	seg_145	chr13,chr18,chr21	18907537,14644790,13513661	ACACATGATCCTCCCTTCCTT	GAGCTATGCAAGAGTCAGGGG	https://genome.ucsc.edu/cgi-bin/hgPcr?hgsid=2900325362_8e48BzUFKDYcxxsPnAlLNmzHKyGA&org=Human&db=hg38&wp_target=genome&wp_f=ACACATGATCCTCCCTTCCTT&wp_r=GAGCTATGCAAGAGTCAGGGG&Submit=Submit&wp_size=300&wp_perfect=15&wp_good=15&boolshad.wp_flipReverse=0&wp_append=on&boolshad.wp_append=0	deneme
16	seg_146	chr13,chr18,chr21	18908290,14645547,13512906	AACTGAGGCACCATGCAGTTT	GAGCAGGAAATGAAACCCAGG	https://genome.ucsc.edu/cgi-bin/hgPcr?hgsid=2900325362_8e48BzUFKDYcxxsPnAlLNmzHKyGA&org=Human&db=hg38&wp_target=genome&wp_f=AACTGAGGCACCATGCAGTTT&wp_r=GAGCAGGAAATGAAACCCAGG&Submit=Submit&wp_size=300&wp_perfect=15&wp_good=15&boolshad.wp_flipReverse=0&wp_append=on&boolshad.wp_append=0	deneme
17	seg_195	chr13,chr18,chr21	18908308,14645565,13512901	AGGTTCCAAGCTCTAAGGGG	AGATAAACTGAGGCACCATGC	https://genome.ucsc.edu/cgi-bin/hgPcr?hgsid=2900325362_8e48BzUFKDYcxxsPnAlLNmzHKyGA&org=Human&db=hg38&wp_target=genome&wp_f=AGGTTCCAAGCTCTAAGGGG&wp_r=AGATAAACTGAGGCACCATGC&Submit=Submit&wp_size=300&wp_perfect=15&wp_good=15&boolshad.wp_flipReverse=0&wp_append=on&boolshad.wp_append=0	deneme
18	seg_193	chr13,chr18,chr21	18918550,14655671,13501874	GACTAGATGGGTGGAAGTGGG	TCCATCATTATTGTCTGGTTTGAAT	https://genome.ucsc.edu/cgi-bin/hgPcr?hgsid=2900325362_8e48BzUFKDYcxxsPnAlLNmzHKyGA&org=Human&db=hg38&wp_target=genome&wp_f=GACTAGATGGGTGGAAGTGGG&wp_r=TCCATCATTATTGTCTGGTTTGAAT&Submit=Submit&wp_size=300&wp_perfect=15&wp_good=15&boolshad.wp_flipReverse=0&wp_append=on&boolshad.wp_append=0	deneme
19	seg_150	chr13,chr18,chr21	18920670,14657801,13499651	TCCCTGCTGAGTCATTTGGC	GCATGCCGTGGTCATATCCA	https://genome.ucsc.edu/cgi-bin/hgPcr?hgsid=2900325362_8e48BzUFKDYcxxsPnAlLNmzHKyGA&org=Human&db=hg38&wp_target=genome&wp_f=TCCCTGCTGAGTCATTTGGC&wp_r=GCATGCCGTGGTCATATCCA&Submit=Submit&wp_size=300&wp_perfect=15&wp_good=15&boolshad.wp_flipReverse=0&wp_append=on&boolshad.wp_append=0	deneme
20	seg_70	chr13,chr18,chr21	18923367,14660491,13496968	GATGCCTCCATAGAACCCCG	GTCAGCCACTGCCTGAATTC	https://genome.ucsc.edu/cgi-bin/hgPcr?hgsid=2900325362_8e48BzUFKDYcxxsPnAlLNmzHKyGA&org=Human&db=hg38&wp_target=genome&wp_f=GATGCCTCCATAGAACCCCG&wp_r=GTCAGCCACTGCCTGAATTC&Submit=Submit&wp_size=300&wp_perfect=15&wp_good=15&boolshad.wp_flipReverse=0&wp_append=on&boolshad.wp_append=0	deneme
21	seg_71	chr13,chr18,chr21	18925132,14662272,13495275	GACTTCTCCATTTGGCGAGC	ACCTGGGGACTTTGCATTCT	https://genome.ucsc.edu/cgi-bin/hgPcr?hgsid=2900325362_8e48BzUFKDYcxxsPnAlLNmzHKyGA&org=Human&db=hg38&wp_target=genome&wp_f=GACTTCTCCATTTGGCGAGC&wp_r=ACCTGGGGACTTTGCATTCT&Submit=Submit&wp_size=300&wp_perfect=15&wp_good=15&boolshad.wp_flipReverse=0&wp_append=on&boolshad.wp_append=0	deneme
22	seg_185	chr13,chr18,chr21	18925798,14662939,13494332	AGGGAACTTCAGCCTGTTGT	GCCCCGAAGAGGAAAACTGA	https://genome.ucsc.edu/cgi-bin/hgPcr?hgsid=2900325362_8e48BzUFKDYcxxsPnAlLNmzHKyGA&org=Human&db=hg38&wp_target=genome&wp_f=AGGGAACTTCAGCCTGTTGT&wp_r=GCCCCGAAGAGGAAAACTGA&Submit=Submit&wp_size=300&wp_perfect=15&wp_good=15&boolshad.wp_flipReverse=0&wp_append=on&boolshad.wp_append=0	deneme
23	seg_157	chr13,chr18,chr21	18926521,14663887,13493578	AAAAACCCTCAAAGTTGCCTTGT	GGGACAACAATGTGATTTGTTTCA	https://genome.ucsc.edu/cgi-bin/hgPcr?hgsid=2900325362_8e48BzUFKDYcxxsPnAlLNmzHKyGA&org=Human&db=hg38&wp_target=genome&wp_f=AAAAACCCTCAAAGTTGCCTTGT&wp_r=GGGACAACAATGTGATTTGTTTCA&Submit=Submit&wp_size=300&wp_perfect=15&wp_good=15&boolshad.wp_flipReverse=0&wp_append=on&boolshad.wp_append=0	deneme
24	seg_159	chr13,chr18,chr21	18927665,14665029,13492510	TTCTGGCTTAGCACATTTACTCTA	ACTCTACTGCTTGGTATCCCA	https://genome.ucsc.edu/cgi-bin/hgPcr?hgsid=2900325362_8e48BzUFKDYcxxsPnAlLNmzHKyGA&org=Human&db=hg38&wp_target=genome&wp_f=TTCTGGCTTAGCACATTTACTCTA&wp_r=ACTCTACTGCTTGGTATCCCA&Submit=Submit&wp_size=300&wp_perfect=15&wp_good=15&boolshad.wp_flipReverse=0&wp_append=on&boolshad.wp_append=0	deneme
25	seg_171	chr13,chr18,chr21	19025541,14706895,13450896	CGCAGCACTTTCTCTGAACC	GGCATTTTTGGGCACAGCTT	https://genome.ucsc.edu/cgi-bin/hgPcr?hgsid=2900325362_8e48BzUFKDYcxxsPnAlLNmzHKyGA&org=Human&db=hg38&wp_target=genome&wp_f=CGCAGCACTTTCTCTGAACC&wp_r=GGCATTTTTGGGCACAGCTT&Submit=Submit&wp_size=300&wp_perfect=15&wp_good=15&boolshad.wp_flipReverse=0&wp_append=on&boolshad.wp_append=0	deneme
26	seg_171	chr13,chr18,chr21	19025961,14706398,13451315	AGGTGAGGTGCTTTCTCCCT	GGAAGCCAGCCAGCTATCAA	https://genome.ucsc.edu/cgi-bin/hgPcr?hgsid=2900325362_8e48BzUFKDYcxxsPnAlLNmzHKyGA&org=Human&db=hg38&wp_target=genome&wp_f=AGGTGAGGTGCTTTCTCCCT&wp_r=GGAAGCCAGCCAGCTATCAA&Submit=Submit&wp_size=300&wp_perfect=15&wp_good=15&boolshad.wp_flipReverse=0&wp_append=on&boolshad.wp_append=0	deneme
27	seg_168	chr13,chr18,chr21	19032525,14699967,13457832	AAAATTGTGTCCTCTGTCCTTCA	TGGTGCTTTTAAATGTCTGCCT	https://genome.ucsc.edu/cgi-bin/hgPcr?hgsid=2900325362_8e48BzUFKDYcxxsPnAlLNmzHKyGA&org=Human&db=hg38&wp_target=genome&wp_f=AAAATTGTGTCCTCTGTCCTTCA&wp_r=TGGTGCTTTTAAATGTCTGCCT&Submit=Submit&wp_size=300&wp_perfect=15&wp_good=15&boolshad.wp_flipReverse=0&wp_append=on&boolshad.wp_append=0	deneme
28	seg_176	chr13,chr18,chr21	19033252,14699237,13458561	GCTGAACAGGCAAAGTGCTG	GTGTGGGTTTCAGTCCCTTC	https://genome.ucsc.edu/cgi-bin/hgPcr?hgsid=2900325362_8e48BzUFKDYcxxsPnAlLNmzHKyGA&org=Human&db=hg38&wp_target=genome&wp_f=GCTGAACAGGCAAAGTGCTG&wp_r=GTGTGGGTTTCAGTCCCTTC&Submit=Submit&wp_size=300&wp_perfect=15&wp_good=15&boolshad.wp_flipReverse=0&wp_append=on&boolshad.wp_append=0	deneme
29	seg_165	chr13,chr18,chr21	19034321,14698173,13459621	AGCCACAGCACATGTCATGT	AGCAGCTAGTGAGGTGATCAG	https://genome.ucsc.edu/cgi-bin/hgPcr?hgsid=2900325362_8e48BzUFKDYcxxsPnAlLNmzHKyGA&org=Human&db=hg38&wp_target=genome&wp_f=AGCCACAGCACATGTCATGT&wp_r=AGCAGCTAGTGAGGTGATCAG&Submit=Submit&wp_size=300&wp_perfect=15&wp_good=15&boolshad.wp_flipReverse=0&wp_append=on&boolshad.wp_append=0	deneme
